Model,MAE,RMSE,R2
Linear Regression,1496.865572496243,2054.8221208870027,0.9894472722350153
XGBoost Regressor,22084.335410276075,28373.656327836063,-1.0120875688748563
